boats/1.jpg,712,391,724,402,boat
boats/2.jpg,169,139,186,148,boat
boats/2.jpg,341,194,351,202,boat
boats/2.jpg,562,338,573,347,boat
boats/2.jpg,708,348,719,354,boat
boats/2.jpg,946,214,959,223,boat
boats/2.jpg,1089,225,1096,232,boat
boats/2.jpg,1353,56,1365,67,boat
boats/2.jpg,805,681,814,692,boat
boats/2.jpg,173,938,182,945,boat
boats/2.jpg,1778,851,1786,867,boat
boats/2.jpg,234,646,239,651,boat
boats/3.jpg,1025,485,1035,497,boat
boats/3.jpg,1785,1002,1798,1016,boat
boats/3.jpg,1602,886,1610,894,boat
boats/3.jpg,1467,174,1475,180,boat
boats/3.jpg,1494,20,1498,26,boat
boats/3.jpg,1505,32,1511,39,boat
boats/3.jpg,1521,52,1527,59,boat
boats/3.jpg,1531,36,1536,42,boat
boats/3.jpg,1532,21,1536,27,boat
boats/3.jpg,1610,22,1616,30,boat
boats/3.jpg,926,27,932,30,boat
boats/3.jpg,679,135,682,138,boat
boats/3.jpg,256,92,263,98,boat
boats/3.jpg,138,170,147,179,boat
boats/4.jpg,1188,152,1197,156,boat
boats/4.jpg,1263,122,1269,129,boat
boats/4.jpg,1814,57,1820,64,boat
boats/4.jpg,1735,134,1740,145,boat
boats/5.jpg,434,346,452,361,boat
boats/5.jpg,505,71,510,75,boat
boats/5.jpg,535,146,540,151,boat
boats/5.jpg,681,377,688,385,boat
boats/5.jpg,842,133,849,142,boat
boats/5.jpg,819,96,824,101,boat
boats/5.jpg,1018,360,1028,367,boat
boats/5.jpg,1105,825,1116,836,boat
boats/6.jpg,1742,138,1751,147,boat
boats/6.jpg,1484,373,1492,387,boat
boats/6.jpg,1220,752,1227,765,boat
boats/7.jpg,1340,49,1350,60,boat
boats/7.jpg,1187,277,1195,287,boat
boats/7.jpg,979,154,984,160,boat
boats/7.jpg,979,139,985,145,boat
boats/7.jpg,579,398,583,402,boat
boats/7.jpg,308,467,312,473,boat
boats/7.jpg,393,574,398,579,boat
boats/7.jpg,423,656,426,661,boat
boats/7.jpg,566,803,573,811,boat
boats/7.jpg,899,885,904,896,boat
boats/7.jpg,904,673,907,678,boat
boats/7.jpg,924,661,928,667,boat
boats/7.jpg,1031,655,1038,668,boat
boats/7.jpg,1234,685,1239,690,boat
boats/7.jpg,1275,536,1281,540,boat
boats/7.jpg,821,743,828,747,boat
boats/7.jpg,865,756,872,761,boat
boats/7.jpg,389,628,393,632,boat
boats/7.jpg,475,660,479,665,boat
boats/8.jpg,220,389,236,400,boat
boats/8.jpg,622,614,637,626,boat
boats/8.jpg,396,810,403,816,boat
boats/8.jpg,123,937,130,946,boat
boats/8.jpg,178,80,182,85,boat
boats/9.jpg,336,130,343,134,boat
boats/9.jpg,1176,184,1184,191,boat
boats/9.jpg,1036,84,1039,87,boat
boats/9.jpg,1094,192,1098,195,boat
boats/9.jpg,1015,300,1017,304,boat
boats/9.jpg,919,371,924,374,boat
boats/9.jpg,1129,363,1132,366,boat
boats/9.jpg,1348,431,1352,435,boat
boats/9.jpg,1767,697,1777,709,boat
boats/9.jpg,1454,758,1459,765,boat
boats/9.jpg,1479,206,1484,213,boat
boats/10.jpg,535,770,550,785,boat
boats/10.jpg,1138,627,1147,637,boat